{"cameraMode":{"drawMode":0,"name":"Shaded","section":"Shading Mode"},"sceneLighting":true,"audioPlay":false,"sceneViewState":{"m_AlwaysRefresh":false,"showFog":true,"showSkybox":true,"showFlares":true,"showImageEffects":true,"showParticleSystems":true,"showVisualEffectGraphs":true,"m_FxEnabled":true},"in2DMode":false,"pivot":{"x":471.0915832519531,"y":1331.2818603515625,"z":445.1357421875},"rotation":{"x":0.36511602997779848,"y":-0.016756867989897729,"z":0.006577830761671066,"w":0.9308194518089294},"size":1327.5181884765625,"orthographic":false}