{"cameraMode":{"drawMode":0,"name":"Shaded","section":"Shading Mode"},"sceneLighting":true,"audioPlay":false,"sceneViewState":{"m_AlwaysRefresh":false,"showFog":true,"showSkybox":true,"showFlares":true,"showImageEffects":true,"showParticleSystems":true,"showVisualEffectGraphs":true,"m_FxEnabled":true},"in2DMode":false,"pivot":{"x":37.56305694580078,"y":0.132096067070961,"z":55.87369155883789},"rotation":{"x":0.6479027271270752,"y":0.026265926659107209,"z":-0.022356225177645685,"w":0.7609792351722717},"size":0.007784420158714056,"orthographic":false}