{"cameraMode":{"drawMode":0,"name":"Shaded","section":"Shading Mode"},"sceneLighting":true,"audioPlay":false,"sceneViewState":{"m_AlwaysRefresh":false,"showFog":true,"showSkybox":true,"showFlares":true,"showImageEffects":true,"showParticleSystems":true,"showVisualEffectGraphs":true,"m_FxEnabled":true},"in2DMode":false,"pivot":{"x":632.1117553710938,"y":1640.5545654296875,"z":-321.27392578125},"rotation":{"x":0.19346262514591218,"y":0.002057693898677826,"z":0.000405587226850912,"w":-0.9811071753501892},"size":470.3546447753906,"orthographic":false}